"Status","Start Time","Stop Time","Duration in ms","Parent Suite","Suite","Sub Suite","Test Class","Test Method","Name","Description"
"failed","Tue Jun 20 15:51:28 PKT 2023","Tue Jun 20 15:51:40 PKT 2023","11910","","Demo Page","","","","Talk to a Consultant",""
"passed","Tue Jun 20 15:49:46 PKT 2023","Tue Jun 20 15:49:57 PKT 2023","10873","","Homepage blocks","","","","success block button 2",""
"failed","Tue Jun 20 15:49:25 PKT 2023","Tue Jun 20 15:49:46 PKT 2023","21326","","Homepage blocks","","","","success block button 1",""
"passed","Tue Jun 20 15:48:48 PKT 2023","Tue Jun 20 15:49:13 PKT 2023","25276","","Homepage blocks","","","","Homepage 1",""
"passed","Tue Jun 20 15:51:53 PKT 2023","Tue Jun 20 15:52:02 PKT 2023","8852","","template spec","","","","passes",""
"failed","Tue Jun 20 15:48:29 PKT 2023","Tue Jun 20 15:48:38 PKT 2023","9521","","Login for website","","","","Login wrong password",""
"failed","Tue Jun 20 15:48:14 PKT 2023","Tue Jun 20 15:48:29 PKT 2023","15025","","Signup for website","","","","Homepage hero screen",""
"failed","Tue Jun 20 15:49:13 PKT 2023","Tue Jun 20 15:49:25 PKT 2023","12007","","Homepage blocks","","","","Homepage 2",""
"passed","Tue Jun 20 15:50:16 PKT 2023","Tue Jun 20 15:50:20 PKT 2023","4692","","Navigation Dropdown","","","","select option from navigation ",""
"passed","Tue Jun 20 15:49:57 PKT 2023","Tue Jun 20 15:50:04 PKT 2023","6612","","Homepage blocks","","","","What Developers say ",""
"passed","Tue Jun 20 15:50:04 PKT 2023","Tue Jun 20 15:50:16 PKT 2023","11626","","Homepage blocks","","","","Blogs ans posts ",""
"failed","Tue Jun 20 15:48:38 PKT 2023","Tue Jun 20 15:48:48 PKT 2023","9314","","Login for website","","","","login valid",""
